et,172,1.72%
id,149,1.49%
ac,142,1.42%
eu,135,1.35%
vel,131,1.31%
ut,131,1.31%
in,130,1.3%
quis,129,1.29%
vitae,126,1.26%
a,126,1.26%
at,118,1.18%
sit,116,1.16%
nec,116,1.16%
amet,116,1.16%
eget,110,1.1%
non,107,1.07%
sed,105,1.05%
Sed,93,0.93%
nisi,90,0.9%
tincidunt,87,0.87%
Donec,86,0.86%
lorem,85,0.85%
sem,80,0.8%
mauris,75,0.75%
turpis,73,0.73%
dui,73,0.73%
dolor,72,0.72%
ante,72,0.72%
quam,71,0.71%
erat,71,0.71%
purus,70,0.7%
orci,70,0.7%
ipsum,70,0.7%
urna,69,0.69%
nunc,69,0.69%
nulla,68,0.68%
ex,68,0.68%
elit,68,0.68%
diam,68,0.68%
varius,67,0.67%
felis,67,0.67%
tortor,65,0.65%
tellus,63,0.63%
sapien,63,0.63%
nibh,63,0.63%
neque,63,0.63%
est,63,0.63%
eros,63,0.63%
augue,63,0.63%
ultrices,62,0.62%
libero,62,0.62%
justo,62,0.62%
arcu,62,0.62%
pulvinar,61,0.61%
lectus,61,0.61%
porttitor,60,0.6%
nisl,60,0.6%
metus,60,0.6%
malesuada,60,0.6%
luctus,60,0.6%
finibus,60,0.6%
tristique,59,0.59%
odio,59,0.59%
volutpat,58,0.58%
faucibus,58,0.58%
egestas,58,0.58%
vulputate,57,0.57%
magna,57,0.57%
lacus,57,0.57%
mi,56,0.56%
ligula,56,0.56%
feugiat,56,0.56%
aliquam,56,0.56%
Pellentesque,56,0.56%
Nam,56,0.56%
risus,55,0.55%
efficitur,55,0.55%
pretium,54,0.54%
massa,54,0.54%
leo,53,0.53%
iaculis,53,0.53%
Ut,53,0.53%
sagittis,52,0.52%
porta,52,0.52%
elementum,52,0.52%
dignissim,52,0.52%
ullamcorper,51,0.51%
maximus,51,0.51%
gravida,51,0.51%
euismod,51,0.51%
Suspendisse,51,0.51%
vehicula,50,0.5%
posuere,50,0.5%
imperdiet,50,0.5%
enim,50,0.5%
commodo,50,0.5%
lobortis,49,0.49%
dictum,49,0.49%
Aliquam,49,0.49%
condimentum,48,0.48%
In,48,0.48%
interdum,47,0.47%
fringilla,47,0.47%
facilisis,47,0.47%
molestie,46,0.46%
laoreet,46,0.46%
hendrerit,46,0.46%
fermentum,46,0.46%
congue,46,0.46%
bibendum,46,0.46%
auctor,46,0.46%
Nulla,46,0.46%
Maecenas,46,0.46%
Duis,46,0.46%
vestibulum,45,0.45%
cursus,45,0.45%
Vivamus,45,0.45%
Mauris,45,0.45%
velit,44,0.44%
sollicitudin,44,0.44%
scelerisque,44,0.44%
consequat,44,0.44%
blandit,44,0.44%
Fusce,44,0.44%
mattis,43,0.43%
consectetur,43,0.43%
accumsan,43,0.43%
Vestibulum,43,0.43%
rhoncus,42,0.42%
Phasellus,42,0.42%
venenatis,41,0.41%
sodales,41,0.41%
pharetra,41,0.41%
ornare,41,0.41%
Praesent,41,0.41%
viverra,40,0.4%
ultricies,40,0.4%
convallis,40,0.4%
Nunc,40,0.4%
Integer,40,0.4%
tempus,39,0.39%
rutrum,39,0.39%
placerat,39,0.39%
Nullam,39,0.39%
tempor,38,0.38%
dapibus,38,0.38%
Quisque,38,0.38%
Aenean,38,0.38%
pellentesque,37,0.37%
mollis,37,0.37%
lacinia,37,0.37%
Morbi,37,0.37%
Cras,37,0.37%
aliquet,36,0.36%
Proin,36,0.36%
Etiam,36,0.36%
Curabitur,34,0.34%
semper,33,0.33%
suscipit,31,0.31%
eleifend,29,0.29%
ridiculus,12,0.12%
penatibus,12,0.12%
parturient,12,0.12%
natoque,12,0.12%
nascetur,12,0.12%
mus,12,0.12%
montes,12,0.12%
magnis,12,0.12%
dis,12,0.12%
Orci,12,0.12%
fames,11,0.11%
senectus,9,0.09%
potenti,9,0.09%
netus,9,0.09%
morbi,9,0.09%
habitant,9,0.09%
primis,8,0.08%
curae,6,0.06%
cubilia,6,0.06%
adipiscing,6,0.06%
Lorem,6,0.06%
facilisi,5,0.05%
platea,4,0.04%
per,4,0.04%
hac,4,0.04%
habitasse,4,0.04%
dictumst,4,0.04%
torquent,2,0.02%
taciti,2,0.02%
sociosqu,2,0.02%
nostra,2,0.02%
litora,2,0.02%
inceptos,2,0.02%
himenaeos,2,0.02%
conubia,2,0.02%
aptent,2,0.02%
ad,2,0.02%
Interdum,2,0.02%
Class,2,0.02%
